timestamp,benchmark,metric,value
2025-11-15T02:04:28.442960,compression_ratio,status,PASS
2025-11-15T02:04:28.442960,compression_ratio,duration,0.0013039112091064453
2025-11-15T02:04:28.442960,performance,status,PASS
2025-11-15T02:04:28.442960,performance,duration,0.006325721740722656
2025-11-15T02:04:28.442960,accuracy,status,PASS
2025-11-15T02:04:28.442960,accuracy,duration,4.887580871582031e-05
2025-11-15T02:04:28.442960,edge_cases,status,PASS
2025-11-15T02:04:28.442960,edge_cases,duration,0.0003757476806640625
2025-11-15T02:04:28.442960,multi_language,status,PASS
2025-11-15T02:04:28.442960,multi_language,duration,9.822845458984375e-05
2025-11-15T18:46:53.084802,compression_ratio,status,PASS
2025-11-15T18:46:53.084802,compression_ratio,duration,0.04442000389099121
2025-11-15T18:46:53.084802,performance,status,PASS
2025-11-15T18:46:53.084802,performance,duration,0.06415891647338867
2025-11-15T18:46:53.084802,accuracy,status,PASS
2025-11-15T18:46:53.084802,accuracy,duration,7.033348083496094e-05
2025-11-15T18:46:53.084802,edge_cases,status,PASS
2025-11-15T18:46:53.084802,edge_cases,duration,0.0003802776336669922
2025-11-15T18:46:53.084802,multi_language,status,PASS
2025-11-15T18:46:53.084802,multi_language,duration,0.00010085105895996094
2025-11-29T20:03:42.889044,compression_ratio,status,PASS
2025-11-29T20:03:42.889044,compression_ratio,duration,0.0009584426879882812
2025-11-29T20:03:42.889044,performance,status,PASS
2025-11-29T20:03:42.889044,performance,duration,0.004261016845703125
2025-11-29T20:03:42.889044,accuracy,status,PASS
2025-11-29T20:03:42.889044,accuracy,duration,4.982948303222656e-05
2025-11-29T20:03:42.889044,edge_cases,status,PASS
2025-11-29T20:03:42.889044,edge_cases,duration,0.00027871131896972656
2025-11-29T20:03:42.889044,multi_language,status,PASS
2025-11-29T20:03:42.889044,multi_language,duration,7.724761962890625e-05
